alcalde,alcaldia,partido,poblacion
Clara Brugada,Iztapalapa,Morena,1815786
Víctor Hugo Romo,Miguel Hidalgo,Morena,414470
Adrián Rubalcava,Cuajimalpa,Morena,217686
Néstor Núñez,Cuauhtémoc,Morena,545884
Francisco Chíguil,Gustavo A. Madero,PRI,1185772
Lía Limón,Álvaro Obregón,Morena,749982
Patricia Aceves,Tlalpan,Morena,699928
Armando Quintero,Iztacalco,Morena,404695
Raciel Pérez,Tláhuac,Morena,650567
Raymundo Martínez,Venustiano Carranza,Morena,532553
Ricardo Dorantes,Benito Juárez,PAN,434153
Layda Sansores,Álvaro Obregón,Morena,749982
Evelyn Parra,Magdalena Contreras,Morena,243878
Jesús Martín del Campo,Azcapotzalco,Morena,432205
Rosario Lozada,Iztapalapa,Morena,1815786
Patricia Ortiz,Xochimilco,Morena,433544